rank,feature,score,abs_score
1,dev1_gyr_mod_spec_entropy,67671194258657.23,67671194258657.23
2,dev1_acc_z_spec_centroid,65599415350020.3,65599415350020.3
3,dev1_acc_z_spec_entropy,57899402675179.55,57899402675179.55
4,dev1_acc_x_spec_centroid,55021870372037.5,55021870372037.5
5,dev1_gyr_z_spec_entropy,50307870712206.2,50307870712206.2
6,dev1_acc_x_spec_entropy,38904993373390.016,38904993373390.016
7,dev1_gyr_mod_spec_centroid,38786325118864.75,38786325118864.75
8,dev1_gyr_z_spec_centroid,36295478837868.234,36295478837868.234
9,dev1_gyr_x_spec_centroid,34161791818752.32,34161791818752.32
10,dev1_gyr_x_spec_entropy,32634585769906.473,32634585769906.473
11,dev1_acc_y_spec_centroid,31722977159500.035,31722977159500.035
12,dev1_mag_x_spec_centroid,29969195459882.414,29969195459882.414
13,dev1_mag_z_spec_centroid,27686799318853.223,27686799318853.223
14,dev1_gyr_y_spec_centroid,26139077242785.38,26139077242785.38
15,dev1_gyr_y_spec_entropy,22779626312962.793,22779626312962.793
16,dev1_mag_x_spec_entropy,22045955957356.38,22045955957356.38
17,dev1_acc_y_spec_entropy,18697746012504.125,18697746012504.125
18,dev1_mag_y_spec_centroid,16535126842776.99,16535126842776.99
19,dev1_mag_z_spec_entropy,12350107174330.3,12350107174330.3
20,dev1_mag_y_spec_entropy,11183538049462.652,11183538049462.652
21,dev1_acc_x_mad,6936318953172.203,6936318953172.203
22,dev1_mag_y_wl,6649188458178.892,6649188458178.892
23,dev1_acc_z_mad,6555721674115.289,6555721674115.289
24,dev1_acc_z_wl,6414084414402.205,6414084414402.205
25,dev1_mag_y_mad,6253809491212.879,6253809491212.879
26,dev1_mag_x_mean,6233437323066.486,6233437323066.486
27,dev1_mag_mod_spec_dom_freq,5974415714878.701,5974415714878.701
28,dev1_mag_x_zcr,5447629061065.225,5447629061065.225
29,dev1_mag_z_mean,5303863165181.855,5303863165181.855
30,dev1_acc_x_wl,5135799636226.529,5135799636226.529
31,dev1_mag_x_median,5135335282318.389,5135335282318.389
32,dev1_mag_x_wl,5029198859730.492,5029198859730.492
33,dev1_acc_z_spec_dom_freq,4847241061661.338,4847241061661.338
34,dev1_mag_x_spec_dom_freq,4621570356933.876,4621570356933.876
35,dev1_mag_y_std,4578236100689.404,4578236100689.404
36,dev1_mag_z_median,4564692102958.816,4564692102958.816
37,dev1_acc_x_zcr,4424665375038.4,4424665375038.4
38,dev1_mag_z_std,4421494209444.244,4421494209444.244
39,dev1_mag_x_std,4418194287225.332,4418194287225.332
40,dev1_acc_y_mad,4399570827910.523,4399570827910.523
41,dev1_mag_z_wl,4364765416075.2217,4364765416075.2217
42,dev1_acc_z_mean,4248724378240.638,4248724378240.638
43,dev1_mag_y_spec_dom_freq,4035894072915.0303,4035894072915.0303
44,dev1_acc_z_median,3995471372234.384,3995471372234.384
45,dev1_mag_z_spec_dom_freq,3970006420178.849,3970006420178.849
46,dev1_acc_y_wl,3737418651022.0977,3737418651022.0977
47,dev1_mag_x_mad,3608534445688.1816,3608534445688.1816
48,dev1_gyr_y_spec_dom_freq,3538700203440.899,3538700203440.899
49,dev1_acc_y_spec_dom_freq,3504138983660.418,3504138983660.418
50,dev1_mag_z_mad,3436617594631.87,3436617594631.87
51,dev1_gyr_mod_spec_dom_freq,3433866249796.0293,3433866249796.0293
52,dev1_gyr_z_spec_dom_freq,3365258007452.379,3365258007452.379
53,dev1_gyr_x_spec_dom_freq,3325104064104.611,3325104064104.611
54,dev1_acc_x_spec_dom_freq,3308062648812.6113,3308062648812.6113
55,dev1_gyr_z_zcr,3290119458336.752,3290119458336.752
56,dev1_mag_mod_std,3085595964332.7393,3085595964332.7393
57,dev1_mag_mod_wl,2890958563511.0044,2890958563511.0044
58,dev1_gyr_x_zcr,2599684690788.0996,2599684690788.0996
59,dev1_gyr_y_zcr,2447133301050.6533,2447133301050.6533
60,dev1_acc_y_std,2332911442302.203,2332911442302.203
61,dev1_acc_mod_median,2225390287725.5215,2225390287725.5215
62,dev1_mag_x_spec_energy,2181934331457.8262,2181934331457.8262
63,dev1_mag_mod_mad,1998061116984.463,1998061116984.463
64,dev1_mag_y_spec_energy,1933778278318.4294,1933778278318.4294
65,dev1_acc_mod_spec_dom_freq,1912168630373.0737,1912168630373.0737
66,dev1_mag_x_rms,1810936655088.385,1810936655088.385
67,dev1_mag_z_spec_energy,1752845921048.7659,1752845921048.7659
68,dev1_mag_z_zcr,1741955462564.4116,1741955462564.4116
69,dev1_acc_mod_mean,1720050618267.206,1720050618267.206
70,dev1_acc_z_zcr,1718727156012.4614,1718727156012.4614
71,dev1_acc_z_std,1527182350530.793,1527182350530.793
72,dev1_acc_mod_mad,1508003090930.1655,1508003090930.1655
73,dev1_acc_mod_rms,1494740650246.0857,1494740650246.0857
74,dev1_gyr_mod_median,1486177228890.0093,1486177228890.0093
75,dev1_gyr_y_wl,1481723640590.2766,1481723640590.2766
76,dev1_gyr_y_mad,1478578471417.3333,1478578471417.3333
77,dev1_acc_mod_spec_centroid,1470903241896.2441,1470903241896.2441
78,dev1_acc_x_rms,1445789008232.9707,1445789008232.9707
79,dev1_mag_mod_rms,1436729963154.6216,1436729963154.6216
80,dev1_mag_mod_mean,1389437256018.842,1389437256018.842
81,dev1_acc_z_spec_energy,1367779256698.054,1367779256698.054
82,dev1_gyr_mod_wl,1331089783191.7397,1331089783191.7397
83,dev1_gyr_y_std,1330140451169.9648,1330140451169.9648
84,dev1_gyr_y_rms,1322365081339.56,1322365081339.56
85,dev1_acc_x_std,1293866861864.8828,1293866861864.8828
86,dev1_acc_mod_wl,1279904970253.2822,1279904970253.2822
87,dev1_acc_mod_spec_entropy,1276328230540.9463,1276328230540.9463
88,dev1_mag_mod_median,1254967686716.0295,1254967686716.0295
89,dev1_gyr_mod_mad,1233903587105.2786,1233903587105.2786
90,dev1_acc_mod_std,1195151529654.5674,1195151529654.5674
91,dev1_gyr_mod_mean,1194182895249.935,1194182895249.935
92,dev1_acc_y_spec_energy,1162370999803.7651,1162370999803.7651
93,dev1_gyr_x_wl,1123840020229.8936,1123840020229.8936
94,dev1_mag_z_rms,1090352394468.198,1090352394468.198
95,dev1_gyr_x_mad,1087037165854.6345,1087037165854.6345
96,dev1_gyr_y_spec_energy,1075704279923.3936,1075704279923.3936
97,dev1_gyr_z_mad,1050380864178.4651,1050380864178.4651
98,dev1_gyr_mod_rms,981087436118.1934,981087436118.1934
99,dev1_gyr_z_wl,975551918838.1848,975551918838.1848
100,dev1_mag_y_spec_dom_amp,937210047476.0155,937210047476.0155
101,dev1_acc_z_spec_dom_amp,866078292971.8044,866078292971.8044
102,dev1_acc_y_spec_dom_amp,808145196573.4196,808145196573.4196
103,dev1_acc_y_zcr,790603558579.1661,790603558579.1661
104,dev1_gyr_mod_spec_energy,771127631457.6694,771127631457.6694
105,dev1_acc_x_spec_energy,768945698015.321,768945698015.321
106,dev1_mag_mod_spec_dom_amp,758656471567.5198,758656471567.5198
107,dev1_gyr_x_std,733335414944.9084,733335414944.9084
108,dev1_mag_mod_spec_energy,728802571570.9073,728802571570.9073
109,dev1_acc_x_spec_dom_amp,725044525472.8701,725044525472.8701
110,dev1_gyr_x_rms,711928194684.6978,711928194684.6978
111,dev1_acc_mod_spec_energy,678397552871.3608,678397552871.3608
112,dev1_gyr_mod_std,631707865830.7148,631707865830.7148
113,dev1_gyr_x_spec_energy,603505619901.3619,603505619901.3619
114,dev1_mag_mod_spec_entropy,534675268226.6272,534675268226.6272
115,dev1_gyr_z_spec_energy,526388188697.1001,526388188697.1001
116,dev1_mag_y_zcr,517617398150.5554,517617398150.5554
117,dev1_acc_x_median,508104951411.20465,508104951411.20465
118,dev1_gyr_z_std,499758069097.94055,499758069097.94055
119,dev1_gyr_z_rms,496460465670.31604,496460465670.31604
120,dev1_gyr_x_spec_dom_amp,471135950062.99524,471135950062.99524
121,dev1_mag_x_spec_dom_amp,449709371021.6515,449709371021.6515
122,dev1_gyr_y_spec_dom_amp,407071969108.693,407071969108.693
123,dev1_mag_y_rms,405405358075.1631,405405358075.1631
124,dev1_acc_mod_spec_dom_amp,402074358491.03424,402074358491.03424
125,dev1_mag_mod_spec_centroid,393610885267.01624,393610885267.01624
126,dev1_mag_z_spec_dom_amp,378313603500.005,378313603500.005
127,dev1_acc_y_median,341449161688.32526,341449161688.32526
128,dev1_acc_x_mean,334621769766.28827,334621769766.28827
129,dev1_acc_y_mean,310363839937.22705,310363839937.22705
130,dev1_gyr_x_mean,307505732469.75995,307505732469.75995
131,dev1_gyr_z_mean,223375975331.00113,223375975331.00113
132,dev1_mag_y_mean,213517715322.12247,213517715322.12247
133,dev1_acc_z_rms,201277041843.55667,201277041843.55667
134,dev1_gyr_z_spec_dom_amp,186429171027.0424,186429171027.0424
135,dev1_mag_y_median,154434252427.97913,154434252427.97913
136,dev1_gyr_mod_spec_dom_amp,141912832028.56064,141912832028.56064
137,dev1_acc_y_rms,131995242495.5653,131995242495.5653
138,dev1_gyr_z_median,99304626548.14757,99304626548.14757
139,dev1_gyr_y_mean,56781772085.938644,56781772085.938644
140,dev1_gyr_x_median,52156211256.59118,52156211256.59118
141,dev1_gyr_y_median,40937838489.384476,40937838489.384476
142,dev1_mag_mod_zcr,0.0,0.0
143,dev1_acc_mod_zcr,0.0,0.0
144,dev1_gyr_mod_zcr,0.0,0.0
